"Plot Title: DUNGENESS MEADOWS						",,,,,,
#,Date Time," GMT-07:00""	""Temp", °C (LGR S/N: 10490314," SEN S/N: 10490314)""	Coupler Detached (LGR S/N: 10490314)	Coupler Attached (LGR S/N: 10490314)	Stopped (LGR S/N: 10490314)	End Of File (LGR S/N: 10490314)",,
1,6/16/2015 12:48,26.769,Logged,,,
2,6/16/2015 13:48,25.38,,,,
3,6/16/2015 14:48,15.843,,,,
4,6/16/2015 15:48,16.058,,,,
5,6/16/2015 16:48,15.867,,,,
6,6/16/2015 17:48,15.533,,,,
7,6/16/2015 18:48,14.984,,,,
8,6/16/2015 19:49,14.529,,,,
9,6/16/2015 20:49,13.978,,,,
10,6/16/2015 21:49,13.449,,,,
11,6/16/2015 22:49,13.016,,,,
12,6/16/2015 23:49,12.63,,,,
13,6/17/2015 0:49,12.34,,,,
14,6/17/2015 1:49,12.122,,,,
15,6/17/2015 2:49,11.904,,,,
16,6/17/2015 3:49,11.662,,,,
17,6/17/2015 4:49,11.394,,,,
18,6/17/2015 5:49,11.175,,,,
19,6/17/2015 6:49,11.029,,,,
20,6/17/2015 7:50,11.053,,,,
21,6/17/2015 8:50,11.37,,,,
22,6/17/2015 9:50,12.001,,,,
23,6/17/2015 10:50,12.751,,,,
24,6/17/2015 11:50,13.642,,,,
25,6/17/2015 12:50,14.457,,,,
26,6/17/2015 13:50,15.27,,,,
27,6/17/2015 14:50,15.796,,,,
28,6/17/2015 15:50,16.034,,,,
29,6/17/2015 16:50,15.939,,,,
30,6/17/2015 17:50,15.581,,,,
31,6/17/2015 18:50,15.127,,,,
32,6/17/2015 19:51,14.553,,,,
33,6/17/2015 20:51,14.05,,,,
34,6/17/2015 21:51,13.594,,,,
35,6/17/2015 22:51,13.185,,,,
36,6/17/2015 23:51,12.896,,,,
37,6/18/2015 0:51,12.654,,,,
38,6/18/2015 1:51,12.461,,,,
39,6/18/2015 2:51,12.268,,,,
40,6/18/2015 3:51,12.122,,,,
41,6/18/2015 4:51,12.001,,,,
42,6/18/2015 5:51,11.88,,,,
43,6/18/2015 6:51,11.88,,,,
44,6/18/2015 7:52,11.953,,,,
45,6/18/2015 8:52,12.34,,,,
46,6/18/2015 9:52,13.016,,,,
47,6/18/2015 10:52,13.497,,,,
48,6/18/2015 11:52,13.954,,,,
49,6/18/2015 12:52,14.074,,,,
50,6/18/2015 13:52,13.762,,,,
51,6/18/2015 14:52,13.594,,,,
52,6/18/2015 15:52,13.546,,,,
53,6/18/2015 16:52,13.281,,,,
54,6/18/2015 17:52,13.088,,,,
55,6/18/2015 18:52,12.92,,,,
56,6/18/2015 19:53,12.727,,,,
57,6/18/2015 20:53,12.534,,,,
58,6/18/2015 21:53,12.364,,,,
59,6/18/2015 22:53,12.219,,,,
60,6/18/2015 23:53,12.098,,,,
61,6/19/2015 0:53,11.977,,,,
62,6/19/2015 1:53,11.856,,,,
63,6/19/2015 2:53,11.71,,,,
64,6/19/2015 3:53,11.637,,,,
65,6/19/2015 4:53,11.589,,,,
66,6/19/2015 5:53,11.54,,,,
67,6/19/2015 6:53,11.565,,,,
68,6/19/2015 7:54,11.613,,,,
69,6/19/2015 8:54,11.904,,,,
70,6/19/2015 9:54,12.219,,,,
71,6/19/2015 10:54,12.509,,,,
72,6/19/2015 11:54,12.582,,,,
73,6/19/2015 12:54,13.088,,,,
74,6/19/2015 13:54,13.786,,,,
75,6/19/2015 14:54,14.074,,,,
76,6/19/2015 15:54,14.218,,,,
77,6/19/2015 16:54,14.194,,,,
78,6/19/2015 17:54,13.714,,,,
79,6/19/2015 18:54,13.281,,,,
80,6/19/2015 19:55,12.775,,,,
81,6/19/2015 20:55,12.316,,,,
82,6/19/2015 21:55,12.001,,,,
83,6/19/2015 22:55,11.734,,,,
84,6/19/2015 23:55,11.589,,,,
85,6/20/2015 0:55,11.419,,,,
86,6/20/2015 1:55,11.321,,,,
87,6/20/2015 2:55,11.175,,,,
88,6/20/2015 3:55,11.029,,,,
89,6/20/2015 4:55,10.883,,,,
90,6/20/2015 5:55,10.761,,,,
91,6/20/2015 6:55,10.785,,,,
92,6/20/2015 7:56,11.005,,,,
93,6/20/2015 8:56,11.394,,,,
94,6/20/2015 9:56,12.025,,,,
95,6/20/2015 10:56,12.847,,,,
96,6/20/2015 11:56,13.666,,,,
97,6/20/2015 12:56,14.457,,,,
98,6/20/2015 13:56,15.199,,,,
99,6/20/2015 14:56,15.7,,,,
100,6/20/2015 15:56,15.891,,,,
101,6/20/2015 16:56,15.796,,,,
102,6/20/2015 17:56,15.414,,,,
103,6/20/2015 18:56,14.864,,,,
104,6/20/2015 19:57,14.266,,,,
105,6/20/2015 20:57,13.762,,,,
106,6/20/2015 21:57,13.233,,,,
107,6/20/2015 22:57,12.775,,,,
108,6/20/2015 23:57,12.389,,,,
109,6/21/2015 0:57,12.074,,,,
110,6/21/2015 1:57,11.807,,,,
111,6/21/2015 2:57,11.613,,,,
112,6/21/2015 3:57,11.419,,,,
113,6/21/2015 4:57,11.248,,,,
114,6/21/2015 5:57,11.102,,,,
115,6/21/2015 6:57,11.102,,,,
116,6/21/2015 7:58,11.224,,,,
117,6/21/2015 8:58,11.565,,,,
118,6/21/2015 9:58,12.268,,,,
119,6/21/2015 10:58,12.678,,,,
120,6/21/2015 11:58,13.353,,,,
121,6/21/2015 12:58,14.05,,,,
122,6/21/2015 13:58,14.385,,,,
123,6/21/2015 14:58,14.697,,,,
124,6/21/2015 15:58,15.127,,,,
125,6/21/2015 16:58,15.294,,,,
126,6/21/2015 17:58,15.055,,,,
127,6/21/2015 18:58,14.649,,,,
128,6/21/2015 19:59,14.242,,,,
129,6/21/2015 20:59,13.834,,,,
130,6/21/2015 21:59,13.425,,,,
131,6/21/2015 22:59,13.016,,,,
132,6/21/2015 23:59,12.654,,,,
133,6/22/2015 0:59,12.389,,,,
134,6/22/2015 1:59,12.147,,,,
135,6/22/2015 2:59,11.904,,,,
136,6/22/2015 3:59,11.662,,,,
137,6/22/2015 4:59,11.443,,,,
138,6/22/2015 5:59,11.224,,,,
139,6/22/2015 6:59,11.127,,,,
140,6/22/2015 8:00,11.224,,,,
141,6/22/2015 9:00,11.589,,,,
142,6/22/2015 10:00,12.025,,,,
143,6/22/2015 11:00,12.34,,,,
144,6/22/2015 12:00,13.257,,,,
145,6/22/2015 13:00,14.194,,,,
146,6/22/2015 14:00,14.768,,,,
147,6/22/2015 15:00,15.39,,,,
148,6/22/2015 16:00,15.796,,,,
149,6/22/2015 17:00,15.652,,,,
150,6/22/2015 18:00,15.27,,,,
151,6/22/2015 19:00,14.673,,,,
152,6/22/2015 20:01,14.026,,,,
153,6/22/2015 21:01,13.57,,,,
154,6/22/2015 22:01,13.161,,,,
155,6/22/2015 23:01,12.751,,,,
156,6/23/2015 0:01,12.389,,,,
157,6/23/2015 1:01,12.074,,,,
158,6/23/2015 2:01,11.783,,,,
159,6/23/2015 3:01,11.516,,,,
160,6/23/2015 4:01,11.297,,,,
161,6/23/2015 5:01,11.078,,,,
162,6/23/2015 6:01,10.907,,,,
163,6/23/2015 7:01,10.81,,,,
164,6/23/2015 8:02,10.907,,,,
165,6/23/2015 9:02,11.297,,,,
166,6/23/2015 10:02,12.001,,,,
167,6/23/2015 11:02,12.871,,,,
168,6/23/2015 12:02,13.834,,,,
169,6/23/2015 13:02,14.792,,,,
170,6/23/2015 14:02,15.605,,,,
171,6/23/2015 15:02,16.129,,,,
172,6/23/2015 16:02,16.463,,,,
173,6/23/2015 17:02,16.272,,,,
174,6/23/2015 18:02,15.891,,,,
175,6/23/2015 19:02,15.342,,,,
176,6/23/2015 20:03,14.816,,,,
177,6/23/2015 21:03,14.314,,,,
178,6/23/2015 22:03,13.882,,,,
179,6/23/2015 23:03,13.546,,,,
180,6/24/2015 0:03,13.209,,,,
181,6/24/2015 1:03,12.944,,,,
182,6/24/2015 2:03,12.727,,,,
183,6/24/2015 3:03,12.558,,,,
184,6/24/2015 4:03,12.413,,,,
185,6/24/2015 5:03,12.243,,,,
186,6/24/2015 6:03,12.074,,,,
187,6/24/2015 7:03,11.953,,,,
188,6/24/2015 8:04,12.05,,,,
189,6/24/2015 9:04,12.509,,,,
190,6/24/2015 10:04,13.064,,,,
191,6/24/2015 11:04,13.69,,,,
192,6/24/2015 12:04,13.93,,,,
193,6/24/2015 13:04,13.954,,,,
194,6/24/2015 14:04,13.858,,,,
195,6/24/2015 15:04,14.242,,,,
196,6/24/2015 16:04,14.481,,,,
197,6/24/2015 17:04,14.745,,,,
198,6/24/2015 18:04,14.625,,,,
199,6/24/2015 19:04,14.361,,,,
200,6/24/2015 20:05,14.026,,,,
201,6/24/2015 21:05,13.642,,,,
202,6/24/2015 22:05,13.257,,,,
203,6/24/2015 23:05,12.992,,,,
204,6/25/2015 0:05,12.751,,,,
205,6/25/2015 1:05,12.582,,,,
206,6/25/2015 2:05,12.437,,,,
207,6/25/2015 3:05,12.292,,,,
208,6/25/2015 4:05,12.122,,,,
209,6/25/2015 5:05,11.977,,,,
210,6/25/2015 6:05,11.856,,,,
211,6/25/2015 7:05,11.807,,,,
212,6/25/2015 8:06,11.904,,,,
213,6/25/2015 9:06,12.34,,,,
214,6/25/2015 10:06,13.137,,,,
215,6/25/2015 11:06,14.026,,,,
216,6/25/2015 12:06,15.008,,,,
217,6/25/2015 13:06,15.915,,,,
218,6/25/2015 14:06,16.701,,,,
219,6/25/2015 15:06,17.272,,,,
220,6/25/2015 16:06,17.629,,,,
221,6/25/2015 17:06,17.32,,,,
222,6/25/2015 18:06,16.939,,,,
223,6/25/2015 19:06,16.463,,,,
224,6/25/2015 20:07,15.891,,,,
225,6/25/2015 21:07,15.39,,,,
226,6/25/2015 22:07,14.912,,,,
227,6/25/2015 23:07,14.481,,,,
228,6/26/2015 0:07,14.122,,,,
229,6/26/2015 1:07,13.834,,,,
230,6/26/2015 2:07,13.594,,,,
231,6/26/2015 3:07,13.377,,,,
232,6/26/2015 4:07,13.161,,,,
233,6/26/2015 5:07,12.968,,,,
234,6/26/2015 6:07,12.823,,,,
235,6/26/2015 7:07,12.775,,,,
236,6/26/2015 8:08,12.92,,,,
237,6/26/2015 9:08,13.377,,,,
238,6/26/2015 10:08,14.098,,,,
239,6/26/2015 11:08,14.984,,,,
240,6/26/2015 12:08,15.963,,,,
241,6/26/2015 13:08,16.868,,,,
242,6/26/2015 14:08,17.677,,,,
243,6/26/2015 15:08,18.224,,,,
244,6/26/2015 16:08,18.747,,,,
245,6/26/2015 17:08,18.295,,,,
246,6/26/2015 18:08,17.915,,,,
247,6/26/2015 19:08,17.32,,,,
248,6/26/2015 20:09,16.654,,,,
249,6/26/2015 21:09,16.082,,,,
250,6/26/2015 22:09,15.581,,,,
251,6/26/2015 23:09,15.151,,,,
252,6/27/2015 0:09,14.792,,,,
253,6/27/2015 1:09,14.457,,,,
254,6/27/2015 2:09,14.17,,,,
255,6/27/2015 3:09,13.954,,,,
256,6/27/2015 4:09,13.762,,,,
257,6/27/2015 5:09,13.594,,,,
258,6/27/2015 6:09,13.473,,,,
259,6/27/2015 7:09,13.425,,,,
260,6/27/2015 8:10,13.497,,,,
261,6/27/2015 9:10,13.93,,,,
262,6/27/2015 10:10,14.553,,,,
263,6/27/2015 11:10,15.438,,,,
264,6/27/2015 12:10,16.296,,,,
265,6/27/2015 13:10,17.249,,,,
266,6/27/2015 14:10,18.057,,,,
267,6/27/2015 15:10,18.461,,,,
268,6/27/2015 16:10,18.794,,,,
269,6/27/2015 17:10,18.533,,,,
270,6/27/2015 18:10,18.176,,,,
271,6/27/2015 19:10,17.748,,,,
272,6/27/2015 20:11,17.177,,,,
273,6/27/2015 21:11,16.606,,,,
274,6/27/2015 22:11,16.058,,,,
275,6/27/2015 23:11,15.629,,,,
276,6/28/2015 0:11,15.27,,,,
277,6/28/2015 1:11,14.96,,,,
278,6/28/2015 2:11,14.721,,,,
279,6/28/2015 3:11,14.505,,,,
280,6/28/2015 4:11,14.29,,,,
281,6/28/2015 5:11,14.098,,,,
282,6/28/2015 6:11,13.954,,,,
283,6/28/2015 7:11,13.906,,,,
284,6/28/2015 8:12,14.05,,,,
285,6/28/2015 9:12,14.409,,,,
286,6/28/2015 10:12,14.84,,,,
287,6/28/2015 11:12,14.912,,,,
288,6/28/2015 12:12,14.816,,,,
289,6/28/2015 13:12,14.649,,,,
290,6/28/2015 14:12,14.649,,,,
291,6/28/2015 15:12,14.649,,,,
292,6/28/2015 16:12,14.577,,,,
293,6/28/2015 17:12,14.553,,,,
294,6/28/2015 18:12,14.625,,,,
295,6/28/2015 19:12,14.625,,,,
296,6/28/2015 20:13,14.529,,,,
297,6/28/2015 21:13,14.314,,,,
298,6/28/2015 22:13,14.194,,,,
299,6/28/2015 23:13,14.122,,,,
300,6/29/2015 0:13,14.146,,,,
301,6/29/2015 1:13,14.074,,,,
302,6/29/2015 2:13,13.882,,,,
303,6/29/2015 3:13,13.81,,,,
304,6/29/2015 4:13,13.738,,,,
305,6/29/2015 5:13,13.642,,,,
306,6/29/2015 6:13,13.546,,,,
307,6/29/2015 7:13,13.522,,,,
308,6/29/2015 8:14,13.666,,,,
309,6/29/2015 9:14,14.122,,,,
310,6/29/2015 10:14,14.936,,,,
311,6/29/2015 11:14,15.867,,,,
312,6/29/2015 12:14,16.82,,,,
313,6/29/2015 13:14,17.677,,,,
314,6/29/2015 14:14,18.438,,,,
315,6/29/2015 15:14,18.889,,,,
316,6/29/2015 16:14,19.103,,,,
317,6/29/2015 17:14,18.985,,,,
318,6/29/2015 18:14,18.58,,,,
319,6/29/2015 19:14,17.962,,,,
320,6/29/2015 20:15,17.344,,,,
321,6/29/2015 21:15,16.796,,,,
322,6/29/2015 22:15,16.296,,,,
323,6/29/2015 23:15,15.867,,,,
324,6/30/2015 0:15,15.485,,,,
325,6/30/2015 1:15,15.151,,,,
326,6/30/2015 2:15,14.84,,,,
327,6/30/2015 3:15,14.601,,,,
328,6/30/2015 4:15,14.385,,,,
329,6/30/2015 5:15,14.194,,,,
330,6/30/2015 6:15,14.098,,,,
331,6/30/2015 7:15,14.074,,,,
332,6/30/2015 8:16,14.122,,,,
333,6/30/2015 9:16,14.266,,,,
334,6/30/2015 10:16,14.912,,,,
335,6/30/2015 11:16,15.867,,,,
336,6/30/2015 12:16,16.82,,,,
337,6/30/2015 13:16,17.724,,,,
338,6/30/2015 14:16,18.438,,,,
339,6/30/2015 15:16,18.913,,,,
340,6/30/2015 16:16,19.056,,,,
341,6/30/2015 17:16,18.889,,,,
342,6/30/2015 18:16,18.485,,,,
343,6/30/2015 19:16,17.938,,,,
344,6/30/2015 20:17,17.32,,,,
345,6/30/2015 21:17,16.796,,,,
346,6/30/2015 22:17,16.249,,,,
347,6/30/2015 23:17,15.748,,,,
348,7/1/2015 0:17,15.366,,,,
349,7/1/2015 1:17,15.079,,,,
350,7/1/2015 2:17,14.84,,,,
351,7/1/2015 3:17,14.577,,,,
352,7/1/2015 4:17,14.314,,,,
353,7/1/2015 5:17,14.098,,,,
354,7/1/2015 6:17,13.882,,,,
355,7/1/2015 7:17,13.786,,,,
356,7/1/2015 8:18,13.93,,,,
357,7/1/2015 9:18,14.409,,,,
358,7/1/2015 10:18,15.127,,,,
359,7/1/2015 11:18,15.986,,,,
360,7/1/2015 12:18,16.892,,,,
361,7/1/2015 13:18,17.796,,,,
362,7/1/2015 14:18,18.533,,,,
363,7/1/2015 15:18,19.056,,,,
364,7/1/2015 16:18,19.246,,,,
365,7/1/2015 17:18,19.103,,,,
366,7/1/2015 18:18,18.604,,,,
367,7/1/2015 19:18,18.033,,,,
368,7/1/2015 20:19,17.415,,,,
369,7/1/2015 21:19,16.892,,,,
370,7/1/2015 22:19,16.368,,,,
371,7/1/2015 23:19,15.963,,,,
372,7/2/2015 0:19,15.605,,,,
373,7/2/2015 1:19,15.27,,,,
374,7/2/2015 2:19,15.008,,,,
375,7/2/2015 3:19,14.768,,,,
376,7/2/2015 4:19,14.553,,,,
377,7/2/2015 5:19,14.314,,,,
378,7/2/2015 6:19,14.146,,,,
379,7/2/2015 7:19,14.05,,,,
380,7/2/2015 8:20,14.194,,,,
381,7/2/2015 9:20,14.673,,,,
382,7/2/2015 10:20,15.438,,,,
383,7/2/2015 11:20,16.32,,,,
384,7/2/2015 12:20,17.272,,,,
385,7/2/2015 13:20,18.176,,,,
386,7/2/2015 14:20,18.961,,,,
387,7/2/2015 15:20,19.413,,,,
388,7/2/2015 16:20,19.603,,,,
389,7/2/2015 17:20,19.413,,,,
390,7/2/2015 18:20,18.866,,,,
391,7/2/2015 19:20,18.366,,,,
392,7/2/2015 20:21,17.796,,,,
393,7/2/2015 21:21,17.201,,,,
394,7/2/2015 22:21,16.701,,,,
395,7/2/2015 23:21,16.272,,,,
396,7/3/2015 0:21,15.939,,,,
397,7/3/2015 1:21,15.605,,,,
398,7/3/2015 2:21,15.318,,,,
399,7/3/2015 3:21,15.079,,,,
400,7/3/2015 4:21,14.816,,,,
401,7/3/2015 5:21,14.577,,,,
402,7/3/2015 6:21,14.409,,,,
403,7/3/2015 7:21,14.314,,,,
404,7/3/2015 8:22,14.457,,,,
405,7/3/2015 9:22,14.96,,,,
406,7/3/2015 10:22,15.724,,,,
407,7/3/2015 11:22,16.606,,,,
408,7/3/2015 12:22,17.51,,,,
409,7/3/2015 13:22,18.39,,,,
410,7/3/2015 14:22,19.103,,,,
411,7/3/2015 15:22,19.508,,,,
412,7/3/2015 16:22,19.651,,,,
413,7/3/2015 17:22,19.436,,,,
414,7/3/2015 18:22,18.913,,,,
415,7/3/2015 19:22,18.319,,,,
416,7/3/2015 20:23,17.724,,,,
417,7/3/2015 21:23,17.177,,,,
418,7/3/2015 22:23,16.701,,,,
419,7/3/2015 23:23,16.272,,,,
420,7/4/2015 0:23,15.915,,,,
421,7/4/2015 1:23,15.605,,,,
422,7/4/2015 2:23,15.342,,,,
423,7/4/2015 3:23,15.103,,,,
424,7/4/2015 4:23,14.888,,,,
425,7/4/2015 5:23,14.649,,,,
426,7/4/2015 6:23,14.481,,,,
427,7/4/2015 7:23,14.361,,,,
428,7/4/2015 8:24,14.505,,,,
429,7/4/2015 9:24,14.96,,,,
430,7/4/2015 10:24,15.652,,,,
431,7/4/2015 11:24,16.487,,,,
432,7/4/2015 12:24,17.391,,,,
433,7/4/2015 13:24,18.247,,,,
434,7/4/2015 14:24,18.961,,,,
435,7/4/2015 15:24,19.413,,,,
436,7/4/2015 16:24,19.555,,,,
437,7/4/2015 17:24,19.318,,,,
438,7/4/2015 18:24,18.794,,,,
439,7/4/2015 19:24,18.247,,,,
440,7/4/2015 20:25,17.653,,,,
441,7/4/2015 21:25,17.153,,,,
442,7/4/2015 22:25,16.677,,,,
443,7/4/2015 23:25,16.296,,,,
444,7/5/2015 0:25,15.963,,,,
445,7/5/2015 1:25,15.629,,,,
446,7/5/2015 2:25,15.318,,,,
447,7/5/2015 3:25,15.079,,,,
448,7/5/2015 4:25,14.84,,,,
449,7/5/2015 5:25,14.625,,,,
450,7/5/2015 6:25,14.433,,,,
451,7/5/2015 7:25,14.361,,,,
452,7/5/2015 8:26,14.505,,,,
453,7/5/2015 9:26,14.912,,,,
454,7/5/2015 10:26,15.461,,,,
455,7/5/2015 11:26,16.201,,,,
456,7/5/2015 12:26,16.796,,,,
457,7/5/2015 13:26,17.463,,,,
458,7/5/2015 14:26,17.986,,,,
459,7/5/2015 15:26,18.176,,,,
460,7/5/2015 16:26,18.319,,,,
461,7/5/2015 17:26,18.176,,,,
462,7/5/2015 18:26,17.796,,,,
463,7/5/2015 19:26,17.32,,,,
464,7/5/2015 20:27,16.796,,,,
465,7/5/2015 21:27,16.344,,,,
466,7/5/2015 22:27,15.963,,,,
467,7/5/2015 23:27,15.629,,,,
468,7/6/2015 0:27,15.318,,,,
469,7/6/2015 1:27,15.031,,,,
470,7/6/2015 2:27,14.792,,,,
471,7/6/2015 3:27,14.553,,,,
472,7/6/2015 4:27,14.337,,,,
473,7/6/2015 5:27,14.098,,,,
474,7/6/2015 6:27,13.93,,,,
475,7/6/2015 7:27,13.882,,,,
476,7/6/2015 8:28,14.074,,,,
477,7/6/2015 9:28,14.457,,,,
478,7/6/2015 10:28,15.079,,,,
479,7/6/2015 11:28,15.843,,,,
480,7/6/2015 12:28,16.582,,,,
481,7/6/2015 13:28,17.344,,,,
482,7/6/2015 14:28,17.915,,,,
483,7/6/2015 15:28,18.2,,,,
484,7/6/2015 16:28,18.271,,,,
485,7/6/2015 17:28,18.01,,,,
486,7/6/2015 18:28,17.629,,,,
487,7/6/2015 19:28,17.13,,,,
488,7/6/2015 20:29,16.63,,,,
489,7/6/2015 21:29,16.153,,,,
490,7/6/2015 22:29,15.748,,,,
491,7/6/2015 23:29,15.39,,,,
492,7/7/2015 0:29,15.079,,,,
493,7/7/2015 1:29,14.792,,,,
494,7/7/2015 2:29,14.553,,,,
495,7/7/2015 3:29,14.314,,,,
496,7/7/2015 4:29,14.098,,,,
497,7/7/2015 5:29,14.002,,,,
498,7/7/2015 6:29,13.978,,,,
499,7/7/2015 7:29,14.002,,,,
500,7/7/2015 8:30,14.074,,,,
501,7/7/2015 9:30,14.194,,,,
502,7/7/2015 10:30,14.361,,,,
503,7/7/2015 11:30,14.768,,,,
504,7/7/2015 12:30,15.629,,,,
505,7/7/2015 13:30,16.558,,,,
506,7/7/2015 14:30,17.225,,,,
507,7/7/2015 15:30,17.582,,,,
508,7/7/2015 16:30,17.724,,,,
509,7/7/2015 17:30,17.558,,,,
510,7/7/2015 18:30,17.201,,,,
511,7/7/2015 19:30,16.725,,,,
512,7/7/2015 20:31,16.225,,,,
513,7/7/2015 21:31,15.796,,,,
514,7/7/2015 22:31,15.414,,,,
515,7/7/2015 23:31,15.103,,,,
516,7/8/2015 0:31,14.816,,,,
517,7/8/2015 1:31,14.553,,,,
518,7/8/2015 2:31,14.314,,,,
519,7/8/2015 3:31,14.122,,,,
520,7/8/2015 4:31,13.954,,,,
521,7/8/2015 5:31,13.786,,,,
522,7/8/2015 6:31,13.69,,,,
523,7/8/2015 7:31,13.714,,,,
524,7/8/2015 8:32,13.834,,,,
525,7/8/2015 9:32,14.242,,,,
526,7/8/2015 10:32,14.936,,,,
527,7/8/2015 11:32,15.748,,,,
528,7/8/2015 12:32,16.582,,,,
529,7/8/2015 13:32,17.368,,,,
530,7/8/2015 14:32,17.986,,,,
531,7/8/2015 15:32,18.319,,,,
532,7/8/2015 16:32,18.343,,,,
533,7/8/2015 17:32,18.105,,,,
534,7/8/2015 18:32,17.701,,,,
535,7/8/2015 19:32,17.201,,,,
536,7/8/2015 20:33,16.749,,,,
537,7/8/2015 21:33,16.32,,,,
538,7/8/2015 22:33,15.939,,,,
539,7/8/2015 23:33,15.557,,,,
540,7/9/2015 0:33,15.247,,,,
541,7/9/2015 1:33,14.936,,,,
542,7/9/2015 2:33,14.697,,,,
543,7/9/2015 3:33,14.433,,,,
544,7/9/2015 4:33,14.194,,,,
545,7/9/2015 5:33,14.002,,,,
546,7/9/2015 6:33,13.858,,,,
547,7/9/2015 7:33,13.882,,,,
548,7/9/2015 8:34,14.122,,,,
549,7/9/2015 9:34,14.601,,,,
550,7/9/2015 10:34,15.27,,,,
551,7/9/2015 11:34,16.129,,,,
552,7/9/2015 12:34,17.034,,,,
553,7/9/2015 13:34,17.891,,,,
554,7/9/2015 14:34,18.557,,,,
555,7/9/2015 15:34,18.937,,,,
556,7/9/2015 16:34,19.032,,,,
557,7/9/2015 17:34,18.723,,,,
558,7/9/2015 18:34,18.247,,,,
559,7/9/2015 19:34,17.677,,,,
560,7/9/2015 20:35,17.153,,,,
561,7/9/2015 21:35,16.654,,,,
562,7/9/2015 22:35,16.225,,,,
563,7/9/2015 23:35,15.891,,,,
564,7/10/2015 0:35,15.605,,,,
565,7/10/2015 1:35,15.438,,,,
566,7/10/2015 2:35,15.294,,,,
567,7/10/2015 3:35,15.151,,,,
568,7/10/2015 4:35,15.008,,,,
569,7/10/2015 5:35,14.888,,,,
570,7/10/2015 6:35,14.792,,,,
571,7/10/2015 7:35,14.745,,,,
572,7/10/2015 8:36,14.792,,,,
573,7/10/2015 9:36,14.888,,,,
574,7/10/2015 10:36,14.936,,,,
575,7/10/2015 11:36,15.079,,,,
576,7/10/2015 12:36,15.175,,,,
577,7/10/2015 13:36,15.223,,,,
578,7/10/2015 14:36,15.342,,,,
579,7/10/2015 15:36,15.414,,,,
580,7/10/2015 16:36,15.366,,,,
581,7/10/2015 17:36,15.294,,,,
582,7/10/2015 18:36,15.175,,,,
583,7/10/2015 19:36,15.031,,,,
584,7/10/2015 20:37,14.864,,,,
585,7/10/2015 21:37,14.697,,,,
586,7/10/2015 22:37,14.577,,,,
587,7/10/2015 23:37,14.457,,,,
588,7/11/2015 0:37,14.361,,,,
589,7/11/2015 1:37,14.266,,,,
590,7/11/2015 2:37,14.194,,,,
591,7/11/2015 3:37,14.098,,,,
592,7/11/2015 4:37,14.05,,,,
593,7/11/2015 5:37,14.002,,,,
594,7/11/2015 6:37,13.978,,,,
595,7/11/2015 7:37,14.002,,,,
596,7/11/2015 8:38,14.074,,,,
597,7/11/2015 9:38,14.17,,,,
598,7/11/2015 10:38,14.361,,,,
599,7/11/2015 11:38,14.888,,,,
600,7/11/2015 12:38,15.175,,,,
601,7/11/2015 13:38,15.031,,,,
602,7/11/2015 14:38,14.96,,,,
603,7/11/2015 15:38,14.912,,,,
604,7/11/2015 16:38,14.816,,,,
605,7/11/2015 17:38,14.745,,,,
606,7/11/2015 18:38,14.697,,,,
607,7/11/2015 19:38,14.577,,,,
608,7/11/2015 20:39,14.409,,,,
609,7/11/2015 21:39,14.242,,,,
610,7/11/2015 22:39,14.074,,,,
611,7/11/2015 23:39,13.93,,,,
612,7/12/2015 0:39,13.882,,,,
613,7/12/2015 1:39,13.834,,,,
614,7/12/2015 2:39,13.786,,,,
615,7/12/2015 3:39,13.714,,,,
616,7/12/2015 4:39,13.666,,,,
617,7/12/2015 5:39,13.594,,,,
618,7/12/2015 6:39,13.546,,,,
619,7/12/2015 7:39,13.594,,,,
620,7/12/2015 8:40,13.762,,,,
621,7/12/2015 9:40,14.122,,,,
622,7/12/2015 10:40,14.697,,,,
623,7/12/2015 11:40,15.27,,,,
624,7/12/2015 12:40,16.058,,,,
625,7/12/2015 13:40,16.129,,,,
626,7/12/2015 14:40,16.082,,,,
627,7/12/2015 15:40,15.819,,,,
628,7/12/2015 16:40,15.676,,,,
629,7/12/2015 17:40,15.676,,,,
630,7/12/2015 18:40,15.605,,,,
631,7/12/2015 19:40,15.318,,,,
632,7/12/2015 20:41,15.031,,,,
633,7/12/2015 21:41,14.745,,,,
634,7/12/2015 22:41,14.505,,,,
635,7/12/2015 23:41,14.337,,,,
636,7/13/2015 0:41,14.194,,,,
637,7/13/2015 1:41,14.074,,,,
638,7/13/2015 2:41,13.954,,,,
639,7/13/2015 3:41,13.882,,,,
640,7/13/2015 4:41,13.81,,,,
641,7/13/2015 5:41,13.738,,,,
642,7/13/2015 6:41,13.69,,,,
643,7/13/2015 7:41,13.69,,,,
644,7/13/2015 8:42,13.762,,,,
645,7/13/2015 9:42,13.954,,,,
646,7/13/2015 10:42,14.314,,,,
647,7/13/2015 11:42,14.768,,,,
648,7/13/2015 12:42,15.294,,,,
649,7/13/2015 13:42,15.581,,,,
650,7/13/2015 14:42,16.368,,,,
651,7/13/2015 15:42,16.487,,,,
652,7/13/2015 16:42,16.582,,,,
653,7/13/2015 17:42,16.32,,,,
654,7/13/2015 18:42,15.843,,,,
655,7/13/2015 19:42,15.342,,,,
656,7/13/2015 20:43,14.96,,,,
657,7/13/2015 21:43,14.577,,,,
658,7/13/2015 22:43,14.218,,,,
659,7/13/2015 23:43,13.93,,,,
660,7/14/2015 0:43,13.666,,,,
661,7/14/2015 1:43,13.497,,,,
662,7/14/2015 2:43,13.353,,,,
663,7/14/2015 3:43,13.209,,,,
664,7/14/2015 4:43,13.064,,,,
665,7/14/2015 5:43,12.871,,,,
666,7/14/2015 6:43,12.896,,,,
667,7/14/2015 7:43,12.968,,,,
668,7/14/2015 8:44,13.281,,,,
669,7/14/2015 9:44,13.834,,,,
670,7/14/2015 10:44,14.553,,,,
671,7/14/2015 11:44,15.342,,,,
672,7/14/2015 12:44,16.296,,,,
673,7/14/2015 13:44,17.13,,,,
674,7/14/2015 14:44,17.772,,,,
675,7/14/2015 15:44,18.129,,,,
676,7/14/2015 16:44,18.129,,,,
677,7/14/2015 17:44,17.819,,,,
678,7/14/2015 18:44,17.249,,,,
679,7/14/2015 19:44,16.558,,,,
680,7/14/2015 20:45,15.963,,,,
681,7/14/2015 21:45,15.485,,,,
682,7/14/2015 22:45,15.079,,,,
683,7/14/2015 23:45,14.697,,,,
684,7/15/2015 0:45,14.385,,,,
685,7/15/2015 1:45,14.074,,,,
686,7/15/2015 2:45,13.81,,,,
687,7/15/2015 3:45,13.546,,,,
688,7/15/2015 4:45,13.305,,,,
689,7/15/2015 5:45,13.112,,,,
690,7/15/2015 6:45,12.968,,,,
691,7/15/2015 7:45,12.968,,,,
692,7/15/2015 8:46,13.257,,,,
693,7/15/2015 9:46,13.858,,,,
694,7/15/2015 10:46,14.673,,,,
695,7/15/2015 11:46,15.461,,,,
696,7/15/2015 12:46,15.557,,,,
697,7/15/2015 13:46,16.082,,,,
698,7/15/2015 14:46,16.177,,,,
699,7/15/2015 15:46,16.296,,,,
700,7/15/2015 16:46,16.249,,,,
701,7/15/2015 17:46,15.867,,,,
702,7/15/2015 18:46,15.557,,,,
703,7/15/2015 19:46,15.27,,,,
704,7/15/2015 20:47,14.912,,,,
705,7/15/2015 21:47,14.577,,,,
706,7/15/2015 22:47,14.29,,,,
707,7/15/2015 23:47,14.05,,,,
708,7/16/2015 0:47,13.81,,,,
709,7/16/2015 1:47,13.594,,,,
710,7/16/2015 2:47,13.353,,,,
711,7/16/2015 3:47,13.161,,,,
712,7/16/2015 4:47,12.968,,,,
713,7/16/2015 5:47,12.799,,,,
714,7/16/2015 6:47,12.678,,,,
715,7/16/2015 7:47,12.678,,,,
716,7/16/2015 8:48,12.944,,,,
717,7/16/2015 9:48,13.594,,,,
718,7/16/2015 10:48,14.481,,,,
719,7/16/2015 11:48,15.461,,,,
720,7/16/2015 12:48,16.439,,,,
721,7/16/2015 13:48,17.296,,,,
722,7/16/2015 14:48,17.748,,,,
723,7/16/2015 15:48,18.033,,,,
724,7/16/2015 16:48,17.986,,,,
725,7/16/2015 17:48,17.629,,,,
726,7/16/2015 18:48,16.939,,,,
727,7/16/2015 19:48,16.153,,,,
728,7/16/2015 20:49,15.605,,,,
729,7/16/2015 21:49,15.175,,,,
730,7/16/2015 22:49,14.768,,,,
731,7/16/2015 23:49,14.409,,,,
732,7/17/2015 0:49,14.05,,,,
733,7/17/2015 1:49,13.738,,,,
734,7/17/2015 2:49,13.522,,,,
735,7/17/2015 3:49,13.329,,,,
736,7/17/2015 4:49,13.137,,,,
737,7/17/2015 5:49,12.944,,,,
738,7/17/2015 6:49,12.847,,,,
739,7/17/2015 7:49,12.823,,,,
740,7/17/2015 8:50,13.064,,,,
741,7/17/2015 9:50,13.69,,,,
742,7/17/2015 10:50,14.505,,,,
743,7/17/2015 11:50,15.414,,,,
744,7/17/2015 12:39,,,Logged,,
745,7/17/2015 12:39,,,,Logged,Logged
